food_and_serving,calories,caloriesefrom_fat,total_fat_g,total_fat_dv,sodium_g,sodium_dv,potassium_g,potassium_dv,total_carbo_hydrate_g,total_carbo_hydrate_dv,dietary_fiber_g,dietary_fiber_dv,sugars_g,protein_g,vitamin_a_dv,vitamin_c_dv,calcium_dv,eeironee_dv,saturated_fat_dv,saturated_fat_mg_e,chole_sterol_dv,chole_sterol_mg_e
asparagus,20.0,0.0,0.0,0.0,0.0,0.0,230.0,7.0,4.0,1.0,2.0,8.0,2.0,2.0,10.0,15.0,2.0,2.0,0.0,0.0,0.0,0.0
onion,45.0,0.0,0.0,0.0,5.0,0.0,190.0,5.0,11.0,4.0,3.0,12.0,9.0,1.0,0.0,20.0,4.0,4.0,0.0,0.0,0.0,0.0
apple,130.0,0.0,0.0,0.0,0.0,0.0,260.0,7.0,34.0,11.0,5.0,20.0,25.0,1.0,2.0,8.0,2.0,2.0,0.0,0.0,0.0,0.0
tomato,25.0,0.0,0.0,0.0,20.0,1.0,340.0,10.0,5.0,2.0,1.0,4.0,3.0,1.0,20.0,40.0,2.0,4.0,0.0,0.0,0.0,0.0
peach,60.0,0.0,0.5,1.0,0.0,0.0,230.0,7.0,15.0,5.0,2.0,8.0,13.0,1.0,6.0,15.0,0.0,2.0,0.0,0.0,0.0,0.0
lemon,15.0,0.0,0.0,0.0,0.0,0.0,75.0,2.0,5.0,2.0,2.0,8.0,2.0,0.0,0.0,40.0,2.0,0.0,0.0,0.0,0.0,0.0
sweetpotato,100.0,0.0,0.0,0.0,70.0,3.0,440.0,13.0,23.0,8.0,4.0,16.0,7.0,2.0,120.0,30.0,4.0,4.0,0.0,0.0,0.0,0.0
banana,110.0,0.0,0.0,0.0,0.0,0.0,450.0,13.0,30.0,10.0,3.0,12.0,19.0,1.0,2.0,15.0,0.0,2.0,0.0,0.0,0.0,0.0